<?xml version="1.0"?>
<ruleset name="PHPMD rule set for Podium" xmlns="http://pmd.sf.net/ruleset/1.0.0"
         xmlns:xsi="http://www.w3.org/2001/XMLSchema-instance"
         xsi:schemaLocation="http://pmd.sf.net/ruleset/1.0.0 http://pmd.sf.net/ruleset_xml_schema.xsd"
         xsi:noNamespaceSchemaLocation="http://pmd.sf.net/ruleset_xml_schema.xsd">
    <description>Custom rules for checking Podium</description>

    <rule ref="rulesets/naming.xml/ConstructorWithNameAsEnclosingClass" />
    <rule ref="rulesets/naming.xml/ConstantNamingConventions" />
    <rule ref="rulesets/naming.xml/LongVariable">
        <properties>
            <property name="maximum" value="25" />
        </properties>
    </rule>
    <rule ref="rulesets/naming.xml/ShortMethodName">
        <properties>
            <property name="minimum" value="2" />
        </properties>
    </rule>

    <rule ref="rulesets/cleancode.xml">
        <exclude name="ElseExpression" />
        <exclude name="StaticAccess" />
    </rule>

    <rule ref="rulesets/controversial.xml/CamelCaseClassName" />
    <rule ref="rulesets/controversial.xml/CamelCaseMethodName" />
    <rule ref="rulesets/controversial.xml/CamelCaseParameterName" />
    <rule ref="rulesets/controversial.xml/CamelCaseVariableName" />
    <rule ref="rulesets/controversial.xml/CamelCasePropertyName">
        <properties>
            <property name="allow-underscore" value="true" />
        </properties>
    </rule>
</ruleset>